URL,Código de resposta,Erro de notícias,Detectado,Categoria
http://www.scup.com/pt/treinamentos-e-ajuda/suporte/,404,,05/04/13,Não encontrado
http://www.scup.com/pt/cat/case/,404,,14/02/14,Não encontrado
http://www.scup.com/pt/entenda-a-logica-de-buscas-do-tumblr/tumblr-logo-bookmark-old-style-font/,404,,11/02/14,Não encontrado
http://www.scup.com/pt/cat/melhores-praticas/,404,,11/02/14,Não encontrado
http://www.scup.com/pt/treinamentos-e-ajuda/artigos-e-guias/,404,,08/04/13,Não encontrado
http://www.scup.com/pt/cat/geral/,404,,11/02/14,Não encontrado
http://www.scup.com/pt/cat/o-scup-responde/,404,,14/02/14,Não encontrado
http://www.scup.com/pt/treinamentos-e-ajuda/videos/,404,,06/04/13,Não encontrado
http://www.scup.com/pt/cat/colaboracao/,404,,11/02/14,Não encontrado
http://www.scup.com/pt/api/,404,,05/04/13,Não encontrado
http://www.scup.com/pt/dicas-truques-%E2%80%A2-todo-historico-do-usuario-em-um-unico-lugar/,404,,11/02/14,Não encontrado
http://www.scup.com/pt/blog/450/page/20/,404,,30/01/13,Não encontrado
http://www.scup.com/pt/contato/demonstracao-comercial,404,,09/02/14,Não encontrado
http://www.scup.com/pt/blog/450/page/2/,404,,30/01/13,Não encontrado
http://www.scup.com/pt/blog/450/page/10/,404,,30/01/13,Não encontrado
http://www.scup.com/pt/blog/450/page/5/,404,,30/01/13,Não encontrado
http://www.scup.com/pt/blog/450/page/4/,404,,30/01/13,Não encontrado
http://www.scup.com/pt/funcionalidades/identificador-social/,404,,10/11/13,Não encontrado
http://www.scup.com/pt/blog/450/page/30/,404,,30/01/13,Não encontrado
http://www.scup.com/pt/scup-pesquisa-cqc/www.band.com.br/cqc/,404,,18/10/12,Não encontrado
http://www.scup.com/pt/eventos/treinamento-presencial-%E2%80%A2-completo-2013-08-01/,404,,21/12/13,Não encontrado
http://www.scup.com/pt/eventos/treinamento-presencial-%E2%80%A2-completo-2013-07-25/,404,,21/12/13,Não encontrado
http://www.scup.com/pt/blog/450/page/3/,404,,30/01/13,Não encontrado
http://www.scup.com/pt/turbine-sua-presenca-no-google-com-o-scup/,404,,12/11/13,Não encontrado
http://www.scup.com/pt/?shortcodepro=box,404,,20/12/12,Não encontrado
http://www.scup.com/pt/turbine-sua-presenca-no-twitter-com-o-scup/,404,,14/11/13,Não encontrado
http://www.scup.com/pt/funcionalidades/integracoes-e-api/,404,,07/04/13,Não encontrado
http://www.scup.com/pt/blog/page/2/,404,,13/02/14,Não encontrado
http://www.scup.com/pt/identificador-social-como-subir-listas/,404,,14/11/13,Não encontrado
http://www.scup.com/pt/novas-funcionalidades-do-scup-abril-de-2013/,404,,10/11/13,Não encontrado
http://www.scup.com/pt/o-que-ha-de-novo-no-scup-veja-as-novidades-do-mes-de-setembro/rc-regra/,404,,12/02/14,Não encontrado
http://www.scup.com/pt/addon-abrangencia-levando-seu-monitoramento-a-um-novo-nivel/,404,,19/11/13,Não encontrado
http://www.scup.com/pt/blog/450/page/37/,404,,14/12/13,Não encontrado
http://www.scup.com/pt/os-horarios-nobres-do-facebook/comment-page-2/,404,,12/02/14,Não encontrado
http://www.scup.com/pt/novo-scup-seu-trabalho-com-redes-sociais-nunca-mais-sera-o-mesmo/ga-print/,404,,12/02/14,Não encontrado
http://www.scup.com/pt/eventos/treinamento-online-completo-2013-10-29/,404,,04/02/14,Não encontrado
http://www.scup.com/pt/eventos/treinamento-online-completo-2013-11-19/,404,,24/01/14,Não encontrado
http://www.scup.com/pt/o-scup-completa-tres-anos-e-quem-fica-bem-na-foto-e-voce/feed/,404,,11/02/14,Não encontrado
http://www.scup.com/pt/tag/youtube/,404,,12/02/14,Não encontrado
http://www.scup.com/pt/2010/12/17/,404,,11/02/14,Não encontrado
http://www.scup.com/pt/turbine-sua-presenca-no-google-com-o-scup/foguete-g-6/,404,,11/11/13,Não encontrado
http://www.scup.com/pt/novas-funcionalidades-do-scup-abril-de-2013/regras-6/,404,,12/11/13,Não encontrado
http://www.scup.com/pt/eventos/treinamento-online-completo-2013-12-03/,404,,29/01/14,Não encontrado
http://www.scup.com/pt/dicas-para-ficar-tranquilo-durante-o-feriado-e-deixar-o-scup-trabalhar-por-voce/dicas-natal/,404,,11/02/14,Não encontrado
http://www.scup.com/pt/taguear-eou-classificar-todos-os-comentarios-de-um-post-ao-mesmo-tempo-agora-da/teste1-2/,404,,14/02/14,Não encontrado
http://www.scup.com/pt/turbine-sua-presenca-no-google-com-o-scup/foguete-g-2/,404,,28/11/13,Não encontrado
http://www.scup.com/pt/eventos/treinamento-presencial-%E2%80%A2-completo-2014-02-13/feed/,404,,21/12/13,Não encontrado
http://www.scup.com/pt/cat/o-scup-responde/page/5/,404,,14/02/14,Não encontrado
http://www.scup.com/pt/eventos/treinamento-online-completo-2013-08-06/,404,,09/01/14,Não encontrado
http://www.scup.com/pt/funcionalidades,404,,12/02/14,Não encontrado
http://www.scup.com/pt/eficiencia-em-redes-sociais-case-riot/img_6519/,404,,12/02/14,Não encontrado
http://www.scup.com/pt/dicas-sobre-abrangencia-e-a-aba-relacionamento/,404,,12/11/13,Não encontrado
http://www.scup.com/pt/cat/o-scup-responde/page/7/,404,,13/02/14,Não encontrado
http://www.scup.com/pt/scup-participa-do-forum-de-marketing-digital-2013/twitter.com/diegomont,404,,05/03/13,Não encontrado
http://www.scup.com/pt/cat/funcionalidades/page/4/,404,,12/02/14,Não encontrado
http://www.scup.com/pt/cat/melhores-praticas/page/2/,404,,12/02/14,Não encontrado
http://www.scup.com/pt/funcionalidades/integracoes-e-api/?language=es,404,,02/02/14,Não encontrado
http://www.scup.com/pt/turbine-sua-presenca-no-google-com-o-scup/foguete-g-5/,404,,18/11/13,Não encontrado
http://www.scup.com/pt/busca-por-atualizacoes-publicas-do-facebook-nao-retorna-resultados-ha-13-horas/atpubli/,404,,13/02/14,Não encontrado
http://www.scup.com/pt/turbine-sua-presenca-no-google-com-o-scup/foguete-g/,404,,21/12/13,Não encontrado
http://www.scup.com/pt/eventos/treinamento-presencial-%E2%80%A2-completo-2013-11-21/,404,,07/02/14,Não encontrado
http://www.scup.com/pt/eventos/treinamento-presencial-%E2%80%A2-completo-2013-07-18/,404,,22/12/13,Não encontrado
http://www.scup.com/pt/_3/,404,,22/12/13,Não encontrado
http://www.scup.com/pt/funcionalidades/features-introduction-people/,404,,12/02/14,Não encontrado
http://www.scup.com/pt/eventos/treinamento-presencial-%E2%80%A2-completo-2013-10-17/,404,,07/02/14,Não encontrado
http://www.scup.com/pt/nova-funcionalidade-responda-a-comentarios-no-facebook-pelo-scup/comment-page-1/,404,,14/02/14,Não encontrado
http://www.scup.com/pt/eventos/aprenda-a-usar-o-sac-2-0-do-scup-2014-02-14/feed/,404,,03/02/14,Não encontrado
http://www.scup.com/pt/scup-pesquisa-cqc/comment-page-1/,404,,14/02/14,Não encontrado
http://www.scup.com/pt/paginas-azuis/aldeia-biz/www.aldeia.biz,404,,25/12/13,Não encontrado
http://www.scup.com/pt/eventos/aprenda-a-cadastrar-buscas-com-o-scup-treinamento-online-2014-03-03/feed/,404,,03/02/14,Não encontrado
http://www.scup.com/pt/eventos/aprenda-a-cadastrar-buscas-com-o-scup-treinamento-online-2014-04-14/feed/,404,,03/02/14,Não encontrado
http://www.scup.com/pt/conheca-todos-os-usos-do-todo-poderoso-tracinho-antes-de-criar-seu-monitoramento/comment-page-1/,404,,13/02/14,Não encontrado
http://www.scup.com/pt/eventos/aprenda-a-cadastrar-buscas-com-o-scup-treinamento-online-2014-04-07/feed/,404,,03/02/14,Não encontrado
http://www.scup.com/pt/eventos/aprenda-a-cadastrar-buscas-com-o-scup-treinamento-online-2014-02-10/feed/,404,,03/02/14,Não encontrado
http://www.scup.com/pt/como-usar-os-novos-formularios-de-cadastro-de-busca-do-scup/comment-page-1/,404,,14/02/14,Não encontrado
http://www.scup.com/pt/eventos/aprenda-a-cadastrar-buscas-com-o-scup-treinamento-online-2014-04-21/feed/,404,,06/02/14,Não encontrado
http://www.scup.com/pt/50-funcoes-do-scup-em-50-verbos/comment-page-1/,404,,14/02/14,Não encontrado
http://www.scup.com/pt/encurtador-de-url-no-scup/comment-page-1/,404,,14/02/14,Não encontrado
http://www.scup.com/pt/qual-e-a-utilidade-da-busca-no-foursquare-para-o-meu-monitoramento/comment-page-1/,404,,14/02/14,Não encontrado
http://www.scup.com/pt/identificador-social-beta-integrando-informacoes-obtidas-nas-midias-sociais-com-bases-de-crm-tradicional/comment-page-1/,404,,05/12/13,Não encontrado
http://www.scup.com/pt/funcionalidades/monitore-e-classifique/features-monitor-tags-imgpor/,404,,14/02/14,Não encontrado
http://www.scup.com/pt/video-como-cadastrar-e-alterar-tags-no-scup/comment-page-1/,404,,14/02/14,Não encontrado
http://www.scup.com/pt/eventos/aprenda-dicas-espertas-que-agilizam-o-seu-dia-a-dia-2014-02-21/feed/,404,,03/02/14,Não encontrado
http://www.scup.com/pt/eventos/aprenda-dicas-espertas-que-agilizam-o-seu-dia-a-dia-2014-05-02/feed/,404,,03/02/14,Não encontrado
http://www.scup.com/pt/eventos/aprenda-a-cadastrar-regras-com-o-scup-treinamento-online-2014-04-02/feed/,404,,03/02/14,Não encontrado
http://www.scup.com/pt/scup-e-a-ferramenta-mais-usada-por-quem-faz-monitoramento-de-midias-sociais-mostra-pesquisa/comment-page-1/,404,,14/02/14,Não encontrado
http://www.scup.com/pt/eventos/treinamento-presencial-%E2%80%A2-completo-2014-01-23/feed/,404,,20/12/13,Não encontrado
http://www.scup.com/pt/eventos/treinamento-presencial-%E2%80%A2-completo-2014-02-20/feed/,404,,21/12/13,Não encontrado
http://www.scup.com/pt/qual-e-seu-nivel-de-maturidade-nas-midias-sociais/comment-page-1/,404,,13/02/14,Não encontrado
http://www.scup.com/pt/scup-participa-do-forum-de-marketing-digital-2013/forum-de-mkt-digital-recife-digitalks-2013/,404,,13/02/14,Não encontrado
http://www.scup.com/pt/senha-conta-facebook/comment-page-1/,404,,13/02/14,Não encontrado
http://www.scup.com/pt/eventos/treinamento-presencial-%E2%80%A2-completo-2013-09-05/,404,,21/12/13,Não encontrado
http://www.scup.com/pt/identificador-social-beta-integrando-informacoes-obtidas-nas-midias-sociais-com-bases-de-crm-tradicional/,404,,09/11/13,Não encontrado
http://www.scup.com/pt/eventos/treinamento-presencial-%E2%80%A2-completo-2014-01-16/feed/,404,,19/12/13,Não encontrado
http://www.scup.com/pt/eventos/treinamento-online-completo-2013-12-10/,404,,16/01/14,Não encontrado
http://www.scup.com/pt/eventos/treinamento-presencial-%E2%80%A2-completo-2014-01-30/feed/,404,,20/12/13,Não encontrado
http://www.scup.com/pt/eventos/treinamento-presencial-%E2%80%A2-completo-2014-02-06/feed/,404,,21/12/13,Não encontrado
http://www.scup.com/pt/eventos/aprenda-a-cadastrar-regras-com-o-scup-treinamento-online-2014-03-12/feed/,404,,03/02/14,Não encontrado
http://www.scup.com/pt/novas-funcionalidades-do-scup-marco2013/,404,,10/11/13,Não encontrado
http://www.scup.com/pt/blog/450/page/30/?utm_source=rss&utm_medium=rss&utm_campaign=450,404,,18/01/14,Não encontrado
http://www.scup.com/pt/blog/450/page/2/?utm_source=rss&utm_medium=rss&utm_campaign=450,404,,09/01/14,Não encontrado
http://www.scup.com/pt/blog/450/page/3/?utm_source=rss&utm_medium=rss&utm_campaign=450,404,,09/01/14,Não encontrado
http://www.scup.com/pt/eventos/treinamento-online-completo-2013-12-17/,404,,07/01/14,Não encontrado
http://www.scup.com/pt/eventos/aprenda-a-cadastrar-regras-com-o-scup-treinamento-online-2014-04-30/feed/,404,,06/02/14,Não encontrado
http://www.scup.com/pt/http:/,404,,06/02/14,Não encontrado
http://www.scup.com/pt/eventos/treinamento-presencial-%E2%80%A2-completo-2014-04-24/feed/,404,,06/02/14,Não encontrado
http://www.scup.com/pt/eventos/treinamento-presencial-%E2%80%A2-completo-2014-04-17/feed/,404,,06/02/14,Não encontrado
http://www.scup.com/pt/eventos/aprenda-a-usar-o-sac-2-0-do-scup-2014-03-14/feed/,404,,03/02/14,Não encontrado
http://www.scup.com/pt/eventos/aprenda-a-usar-o-sac-2-0-do-scup-2014-04-25/feed/,404,,03/02/14,Não encontrado
http://www.scup.com/pt/eventos/aprenda-a-usar-o-sac-2-0-do-scup-2014-02-28/feed/,404,,03/02/14,Não encontrado
http://www.scup.com/pt/eventos/aprenda-a-cadastrar-regras-com-o-scup-treinamento-online-2014-04-23/feed/,404,,05/02/14,Não encontrado
http://www.scup.com/pt/eventos/aprenda-a-cadastrar-buscas-com-o-scup-treinamento-online-2014-03-10/feed/,404,,03/02/14,Não encontrado
http://www.scup.com/pt/eventos/aprenda-dicas-espertas-que-agilizam-o-seu-dia-a-dia-2014-03-07/feed/,404,,03/02/14,Não encontrado
http://www.scup.com/pt/eventos/aprenda-a-cadastrar-regras-com-o-scup-treinamento-online-2014-02-12/feed/,404,,03/02/14,Não encontrado
http://www.scup.com/pt/eventos/aprenda-dicas-espertas-que-agilizam-o-seu-dia-a-dia-2014-04-18/feed/,404,,03/02/14,Não encontrado
http://www.scup.com/pt/eventos/treinamento-presencial-%E2%80%A2-completo-2014-02-27/feed/,404,,04/02/14,Não encontrado
http://www.scup.com/pt/eventos/treinamento-presencial-%E2%80%A2-completo-2014-03-06/feed/,404,,04/02/14,Não encontrado
http://www.scup.com/pt/eventos/treinamento-presencial-%E2%80%A2-completo-2014-04-10/feed/,404,,04/02/14,Não encontrado
http://www.scup.com/pt/eventos/treinamento-presencial-%E2%80%A2-completo-2014-04-03/feed/,404,,04/02/14,Não encontrado
http://www.scup.com/pt/eventos/treinamento-presencial-%E2%80%A2-completo-2014-03-13/feed/,404,,04/02/14,Não encontrado
http://www.scup.com/pt/eventos/treinamento-presencial-%E2%80%A2-completo-2014-03-20/feed/,404,,04/02/14,Não encontrado
http://www.scup.com/pt/eventos/treinamento-presencial-%E2%80%A2-completo-2014-03-27/feed/,404,,04/02/14,Não encontrado
http://www.scup.com/pt/eventos/aprenda-a-usar-o-sac-2-0-do-scup-2014-03-28/feed/,404,,03/02/14,Não encontrado
http://www.scup.com/pt/eventos/aprenda-a-cadastrar-buscas-com-o-scup-treinamento-online-2014-03-17/feed/,404,,03/02/14,Não encontrado
http://www.scup.com/pt/eventos/aprenda-a-cadastrar-buscas-com-o-scup-treinamento-online-2014-03-31/feed/,404,,03/02/14,Não encontrado
http://www.scup.com/pt/eventos/aprenda-a-cadastrar-buscas-com-o-scup-treinamento-online-2014-03-24/feed/,404,,03/02/14,Não encontrado
http://www.scup.com/pt/eventos/aprenda-a-cadastrar-buscas-com-o-scup-treinamento-online-2014-02-24/feed/,404,,03/02/14,Não encontrado
http://www.scup.com/pt/eventos/aprenda-a-cadastrar-buscas-com-o-scup-treinamento-online-2014-02-17/feed/,404,,03/02/14,Não encontrado
http://www.scup.com/pt/eventos/treinamento-online-completo-2013-08-13/,404,,02/01/14,Não encontrado
http://www.scup.com/pt/eventos/aprenda-a-cadastrar-regras-com-o-scup-treinamento-online-2014-03-05/feed/,404,,03/02/14,Não encontrado
http://www.scup.com/pt/eventos/aprenda-a-cadastrar-regras-com-o-scup-treinamento-online-2014-04-09/feed/,404,,03/02/14,Não encontrado
http://www.scup.com/pt/eventos/aprenda-a-cadastrar-regras-com-o-scup-treinamento-online-2014-02-19/feed/,404,,03/02/14,Não encontrado
http://www.scup.com/pt/eventos/aprenda-a-cadastrar-regras-com-o-scup-treinamento-online-2014-04-16/feed/,404,,03/02/14,Não encontrado
http://www.scup.com/pt/eventos/aprenda-dicas-espertas-que-agilizam-o-seu-dia-a-dia-2014-04-04/feed/,404,,03/02/14,Não encontrado
http://www.scup.com/pt/eventos/aprenda-a-cadastrar-regras-com-o-scup-treinamento-online-2014-03-19/feed/,404,,03/02/14,Não encontrado
http://www.scup.com/pt/eventos/aprenda-a-cadastrar-regras-com-o-scup-treinamento-online-2014-02-26/feed/,404,,03/02/14,Não encontrado
http://www.scup.com/pt/eventos/aprenda-a-cadastrar-regras-com-o-scup-treinamento-online-2014-03-26/feed/,404,,03/02/14,Não encontrado
http://www.scup.com/pt/eventos/aprenda-dicas-espertas-que-agilizam-o-seu-dia-a-dia-2014-03-21/feed/,404,,03/02/14,Não encontrado
http://www.scup.com/pt/eventos/treinamento-presencial-%E2%80%A2-completo-2013-09-19/,404,,23/12/13,Não encontrado
http://www.scup.com/pt/turbine-sua-presenca-no-facebook-com-o-scup/,404,,09/11/13,Não encontrado
http://www.scup.com/pt/eventos/treinamento-online-completo-2013-11-26/,404,,27/12/13,Não encontrado
http://www.scup.com/pt/eventos/treinamento-online-11-06/feed/,404,,29/01/14,Não encontrado
http://www.scup.com/pt/eventos/treinamento-presencial-%E2%80%A2-completo-2013-11-07/,404,,18/12/13,Não encontrado
http://www.scup.com/pt/eventos/treinamento-online-completo-2013-07-23/,404,,26/12/13,Não encontrado
http://www.scup.com/pt/eventos/treinamento-presencial-%E2%80%A2-completo-2013-07-04/,404,,24/01/14,Não encontrado
http://www.scup.com/pt/eventos/treinamento-presencial-%E2%80%A2-completo-2013-09-26/,404,,08/01/14,Não encontrado
http://www.scup.com/pt/eventos/treinamento-online-completo-2013-07-09/,404,,14/01/14,Não encontrado
http://www.scup.com/pt/events/categories/feed/,404,,04/01/14,Não encontrado
http://www.scup.com/pt/eventos/treinamento-presencial-%E2%80%A2-completo-2013-10-24/,404,,17/01/14,Não encontrado
http://www.scup.com/pt/eventos/treinamento-presencial-%E2%80%A2-completo-2013-09-12/,404,,15/01/14,Não encontrado
http://www.scup.com/pt/eventos/treinamento-completo/feed/,404,,14/01/14,Não encontrado
http://www.scup.com/pt/eventos/treinamento-online-completo-2013-08-27/,404,,22/12/13,Não encontrado
http://www.scup.com/pt/eventos/treinamento-online-completo-2013-09-17/,404,,25/12/13,Não encontrado
http://www.scup.com/pt/eventos/treinamento-online-completo-2013-09-24/,404,,10/01/14,Não encontrado
http://www.scup.com/pt/eventos/treinamento-presencial-%E2%80%A2-completo-2013-12-05/,404,,09/01/14,Não encontrado
http://www.scup.com/pt/eventos/treinamento-online-completo-2013-11-12/,404,,18/12/13,Não encontrado
http://www.scup.com/pt/turbine-sua-presenca-no-google-com-o-scup/vai-foguetinho/,404,,19/11/13,Não encontrado
http://www.scup.com/pt/turbine-sua-presenca-no-google-com-o-scup/feed/,404,,11/01/14,Não encontrado
http://www.scup.com/pt/turbine-sua-presenca-no-twitter-com-o-scup/foguete-tt/,404,,19/11/13,Não encontrado
http://www.scup.com/pt/eventos/treinamento-online-completo-2013-09-03/,404,,23/12/13,Não encontrado
http://www.scup.com/pt/promo,404,,10/02/14,Não encontrado
http://www.scup.com/pt/blog/450/page/37/?utm_source=rss&utm_medium=rss&utm_campaign=450,404,,10/01/14,Não encontrado
http://www.scup.com/pt/blog/www.band.com.br/cqc/,404,,11/02/14,Não encontrado
http://www.scup.com/pt/paginas-azuis/xcomunicacao/www.xcomunicacao.com.br,404,,05/01/14,Não encontrado
http://www.scup.com/pt/novas-funcionalidades-do-scup-abril-de-2013/regras-6/trackback/,404,,05/01/14,Não encontrado
http://www.scup.com/pt/blog/450/page/10/?utm_source=rss&utm_medium=rss&utm_campaign=450,404,,09/01/14,Não encontrado
http://www.scup.com/pt/blog/450/page/20/?utm_source=rss&utm_medium=rss&utm_campaign=450,404,,09/01/14,Não encontrado
http://www.scup.com/pt/blog/450/page/4/?utm_source=rss&utm_medium=rss&utm_campaign=450,404,,09/01/14,Não encontrado
http://www.scup.com/pt/blog/450/page/5/?utm_source=rss&utm_medium=rss&utm_campaign=450,404,,09/01/14,Não encontrado
http://www.scup.com/pt/novas-funcionalidades-do-scup-marco2013/001lista1/,404,,11/11/13,Não encontrado
http://www.scup.com/pt/turbine-sua-presenca-no-facebook-com-o-scup/foguete-fb-3/,404,,18/11/13,Não encontrado
http://www.scup.com/pt/eventos/treinamento-online-completo-2013-07-16/,404,,24/12/13,Não encontrado
http://www.scup.com/pt/eventos/treinamento-online-completo-2013-07-02/,404,,24/12/13,Não encontrado
http://www.scup.com/pt/turbine-sua-presenca-no-facebook-com-o-scup/foguete-fb/,404,,14/11/13,Não encontrado
http://www.scup.com/pt/eventos/treinamento-completo-2/feed/,404,,31/12/13,Não encontrado
http://www.scup.com/pt/eventos/novo-evento/feed/,404,,30/12/13,Não encontrado
http://www.scup.com/pt/novas-funcionalidades-do-scup-marco2013/001notificacao1-2/,404,,13/11/13,Não encontrado
http://www.scup.com/pt/eventos/treinamento-online-completo-2013-07-30/,404,,22/12/13,Não encontrado
http://www.scup.com/pt/blog/voce-sabe-como-subir-um-video-no-youtube-pela-ferramenta-o-scup-responde/regras-5,404,,03/02/14,Não encontrado
http://www.scup.com/pt/blog/category/melhores-praticas,404,,08/02/14,Não encontrado
http://www.scup.com/pt/blog/filme-%E2%80%9Cna-estrada%E2%80%9D-agrada-mas-publico-nas-midias-sociais-prefere-livro/busca-3,404,,05/02/14,Não encontrado
http://www.scup.com/pt/blog/voce-sabe-como-subir-um-video-no-youtube-pela-ferramenta-o-scup-responde/capturar4,404,,03/02/14,Não encontrado
http://www.scup.com/pt/blog/como-classificar-automaticamente-as-minhas-postagens-no-facebook/5dicas-2,404,,29/01/14,Não encontrado
http://www.scup.com/pt/eventos/treinamento-online-completo-2013-09-10/,404,,23/12/13,Não encontrado
http://www.scup.com/pt/blog/nas-regras-qual-e-a-diferenca-entre-o-com-a-palavra-ou-expressao-e-o-sem-a-palavra-ou-expressao-o-scup-responde/sem-titulo-6,404,,28/01/14,Não encontrado
http://www.scup.com/pt/blog/logica-de-buscas-aprenda-a-cadastrar-buscas-no-twitter/3-2,404,,01/02/14,Não encontrado
http://www.scup.com/pt/blog/otimizacao-do-monitoramento-exclusao-por-palavra/imagem4-2,404,,28/01/14,Não encontrado
http://www.scup.com/pt/blog/voce-sabe-como-subir-um-video-no-youtube-pela-ferramenta-o-scup-responde/capturar-6,404,,14/02/14,Não encontrado
http://www.scup.com/pt/blog/esta-chegando-social-media-day-sao-paulo-e-nesta-semana,404,,07/02/14,Não encontrado
http://www.scup.com/pt/blog/scup-pesquisa-cqc/comment-page-1,404,,14/02/14,Não encontrado
http://www.scup.com/pt/blog/o-que-e-o-klout-por-que-este-indice-aparece-apenas-em-alguns-itens-do-meu-monitoramento-o-scup-responde/attachment/0003,404,,14/02/14,Não encontrado
http://www.scup.com/pt/2011/02/18/chicago-high-school-sends-100-percent-of-graduates-to-college/,404,,03/02/14,Não encontrado
http://www.scup.com/pt/blog/quero-coletar-itens-em-espanhol-apenas-da-america-latina-mas-meu-monitoramento-esta-trazendo-itens-da-espanha-o-que-devo-fazer-o-scup-responde/sem-titulo-8,404,,28/01/14,Não encontrado
http://www.scup.com/pt/blog/voce-sabe-como-subir-um-video-no-youtube-pela-ferramenta-o-scup-responde/capturar2,404,,14/02/14,Não encontrado
http://www.scup.com/pt/blog/os-horarios-nobres-no-twitter..,404,,13/02/14,Não encontrado
http://www.scup.com/pt/blog/como-faco-para-criar-regras-por-texto-no-scup/regras7,404,,06/02/14,Não encontrado
http://www.scup.com/pt/blog/como-contar-a-quantidade-de-likes-e-compartilhamentos-da-minha-fan-page-o-scup-responde/scupresponde03,404,,03/02/14,Não encontrado
http://www.scup.com/pt/blog/por-que-eu-nao-apareco-na-busca-do-twitter/invisivel,404,,04/02/14,Não encontrado
http://www.scup.com/pt/blog/scup-tem-novo-tipo-de-busca-%E2%80%93-firehose-beta,404,,24/01/14,Não encontrado
http://www.scup.com/pt/blog/novas-funcionalidades-no-scup/rt-2,404,,31/01/14,Não encontrado
http://www.scup.com/pt/blog/addon-abrangencia-levando-seu-monitoramento-a-um-novo-nivel,404,,24/11/13,Não encontrado
http://www.scup.com/pt/blog/melhores-praticas-tagueamento-e-polarizacao/imagem9,404,,24/01/14,Não encontrado
http://www.scup.com/pt/blog/como-monitorar-os-grupos-do-linkedin-%E2%80%93-e-tirar-proveito-disso,404,,23/01/14,Não encontrado
http://www.scup.com/pt/blog/como-contar-a-quantidade-de-likes-e-compartilhamentos-da-minha-fan-page-o-scup-responde/scupresponde02,404,,25/01/14,Não encontrado
http://www.scup.com/pt/blog/o-que-e-o-klout-por-que-este-indice-aparece-apenas-em-alguns-itens-do-meu-monitoramento-o-scup-responde/0002-2,404,,05/02/14,Não encontrado
http://www.scup.com/pt/blog/video-como-cadastrar-e-alterar-tags-no-scup/comment-page-1,404,,14/02/14,Não encontrado
http://www.scup.com/pt/blog/novo-livro-do-scup-discute-monitoramento-e-metricas-de-midias-sociais/capa-livro-diego-2,404,,04/02/14,Não encontrado
http://www.scup.com/pt/blog/atendimento-nas-midias-sociais-como-faco-para-interagir-com-um-cliente-pelo-scup/com-comentario,404,,14/02/14,Não encontrado
http://www.scup.com/pt/blog/atendimento-nas-midias-sociais-como-faco-para-interagir-com-um-cliente-pelo-scup/com-video,404,,14/02/14,Não encontrado
http://www.scup.com/pt/blog/scup-realiza-debate-sobre-sac-2-0-e-relacionamento-com-transmissao-ao-vivo/scup-ideas-final,404,,07/02/14,Não encontrado
http://www.scup.com/pt/blog/qual-e-seu-nivel-de-maturidade-nas-midias-sociais/comment-page-1,404,,14/02/14,Não encontrado
http://www.scup.com/pt/blog/regras-o-que-sao-e-como-utilizar-em-seu-monitoramento/imagem-3,404,,29/01/14,Não encontrado
http://www.scup.com/pt/blog/por-que-a-quantidade-de-retweets-mostrada-pelo-twitter-e-diferente-da-mostrada-pelo-scup/0005-2,404,,14/02/14,Não encontrado
http://www.scup.com/pt/blog/os-horarios-nobres-do-twitter-no-brasil-2%C2%AA-edicao,404,,13/02/14,Não encontrado
http://www.scup.com/pt/blog/filtros-no-scup-economizando-seu-tempo/monitoramentos-scup_1263234121725,404,,04/02/14,Não encontrado
http://www.scup.com/pt/blog/guia-para,404,,14/02/14,Não encontrado
http://www.scup.com/pt/eventos/treinamento-presencial-%E2%80%A2-completo-2013-08-08/,404,,21/12/13,Não encontrado
http://www.scup.com/pt/os-horarios-nobres-do-twitter-no-brasil-2%C2%AA-edicao/Hor,404,,14/02/14,Não encontrado
http://www.scup.com/pt/blog/logica-de-buscas-aprenda-a-cadastrar-buscas-no-twitter/1imagem,404,,01/02/14,Não encontrado
http://www.scup.com/pt/eventos/treinamento-presencial-%E2%80%A2-completo-2013-08-22/,404,,18/12/13,Não encontrado
http://www.scup.com/pt/blog/monitorando-comunidades-do-orkut-beta/comment-page-1,404,,13/02/14,Não encontrado
http://www.scup.com/pt/blog/voce-sabia-que-e-possivel-usar-expre,404,,13/02/14,Não encontrado
http://www.scup.com/pt/blog/atualizacao-do-facebook/moderacao_facebook,404,,12/02/14,Não encontrado
http://www.scup.com/pt/blog/author/jony/,404,,11/02/14,Não encontrado
http://www.scup.com/pt/novas-funcionalidades-do-scup-marco2013/001notificacao1/,404,,13/11/13,Não encontrado
http://www.scup.com/pt/blog/nao-estou-conseguindo-responder-as-mensagens-privadas-do-facebook-o-que-pode-ser-o-scup-responde/scup3,404,,11/02/14,Não encontrado
http://www.scup.com/pt/blog/melhores-praticas-tagueamento-e-polarizacao/imagem4,404,,10/02/14,Não encontrado
http://www.scup.com/pt/blog/melhores-praticas-tagueamento-e-polarizacao/tags2,404,,10/02/14,Não encontrado
http://www.scup.com/pt/blog/como-classificar-automaticamente-as-minhas-postagens-no-facebook/sem-titulo-5,404,,10/02/14,Não encontrado
http://www.scup.com/pt/blog/os-horarios-nobres-no-twitter/comment-page-1,404,,12/02/14,Não encontrado
http://www.scup.com/pt/blog/melhores-praticas-tagueamento-e-polarizacao/imagem6,404,,10/02/14,Não encontrado
http://www.scup.com/pt/blog/pt/,404,,12/02/14,Não encontrado
http://www.scup.com/pt/blog/logica-de-buscas-aprenda-a-cadastrar-buscas-no-twitter/2-2,404,,12/02/14,Não encontrado
http://www.scup.com/pt/blog/logica-de-buscas-aprenda-a-cadastrar-buscas-no-twitter/4-3,404,,12/02/14,Não encontrado
http://www.scup.com/pt/eventos/treinamento-presencial-%E2%80%A2-completo-2013-11-28/,404,,22/12/13,Não encontrado
http://www.scup.com/pt/turbine-sua-presenca-no-google-com-o-scup/foguete-g-3/,404,,21/12/13,Não encontrado
http://www.scup.com/pt/blog/atualizacao-do-facebook/reply_facebook,404,,12/02/14,Não encontrado
http://www.scup.com/pt/blog/serie-erros-mais-comuns-em-monitoramento-1-inconsistencias-na-busca-do-twitter/rede-globo-twitter-search_1271268051282,404,,12/02/14,Não encontrado
http://www.scup.com/pt/blog/serie-erros-mais-comuns-em-monitoramento-1-inconsistencias-na-busca-do-twitter/rede-globo-twitter-search_1271268031056,404,,12/02/14,Não encontrado
http://www.scup.com/pt/blog/serie-erros-mais-comuns-em-monitoramento-1-inconsistencias-na-busca-do-twitter/addbusca,404,,12/02/14,Não encontrado
http://www.scup.com/pt/blog/novidades-comparativo-de-monitoramentos-conversacao-no-twitter-e-busca-no-foursquare,404,,09/02/14,Não encontrado
http://www.scup.com/pt/blog/tudo-o-que-voce-precisa-saber-sobre-exportacao-no-scup/exportacao_visualizacao-2,404,,12/02/14,Não encontrado
http://www.scup.com/pt/blog/klout-zendesk-e-peerindex-agora-fazem-parte-dos-complementos-do-scup/conv_twitter,404,,12/02/14,Não encontrado
http://www.scup.com/pt/blog/klout-zendesk-e-peerindex-agora-fazem-parte-dos-complementos-do-scup/logs,404,,12/02/14,Não encontrado
http://www.scup.com/pt/blog/klout-zendesk-e-peerindex-agora-fazem-parte-dos-complementos-do-scup/klout_peer,404,,12/02/14,Não encontrado
http://www.scup.com/pt/treinamentos-e-ajuda/treinamentos/diagnostico_111212/,404,,23/12/13,Não encontrado
http://www.scup.com/pt/blog/ainda-da-tempo-sete-passos-para-usar-o-monitoramento-de-midias-sociais-nas-eleicoes-2012/urna-eletronica,404,,31/01/14,Não encontrado
http://www.scup.com/pt/blog/melhores-praticas-tagueamento-e-polarizacao/imagem2,404,,10/02/14,Não encontrado
http://www.scup.com/pt/blog/por-que-alguns-itens-demoram-para-aparecer-em-meu-monitoramento-o-scup-responde/capturar-4,404,,10/02/14,Não encontrado
http://www.scup.com/pt/blog/scup-promove-workshop-sobre-monitoramento-politico,404,,16/12/13,Não encontrado
http://www.scup.com/pt/eventos/treinamento-presencial-%E2%80%A2-completo-2013-08-29/,404,,20/12/13,Não encontrado
http://www.scup.com/pt/eventos/treinamento-presencial-%E2%80%A2-completo-2013-08-15/,404,,20/12/13,Não encontrado
http://www.scup.com/pt/blog/addon-abrangencia-levando-seu-monitoramento-a-um-novo-nivel/comment-page-1,404,,10/02/14,Não encontrado
http://www.scup.com/pt/blog/novas-funcionalidades-no-scup/rt3-7,404,,31/01/14,Não encontrado
http://www.scup.com/pt/blog/limitacoes-ao-montar-sua-estrategia-de-relacionamento-em-twitter-e-facebook/captura_de_tela-6,404,,09/02/14,Não encontrado
http://www.scup.com/pt/blog/450/page/38/,404,,08/02/14,Não encontrado
http://www.scup.com/pt/blog/como-faco-para-criar-regras-por-texto-no-scup/regras9,404,,06/02/14,Não encontrado
http://www.scup.com/pt/blog/no-capitulo-100-de-avenida-brasil-carminha-domina-conversas-nas-midias-sociais/avenida-brasil-2,404,,27/01/14,Não encontrado
http://www.scup.com/pt/blog/otimizacao-do-monitoramento-exclusao-por-palavra/imagem5-2,404,,07/02/14,Não encontrado
http://www.scup.com/pt/eventos/treinamento-presencial-%E2%80%A2-completo-2013-10-31/,404,,18/12/13,Não encontrado
http://www.scup.com/pt/blog/filtro-novo-no-scup-amostragem/via6-monitor-scup_1272482261224,404,,06/02/14,Não encontrado
http://www.scup.com/pt/dicas-sobre-abrangencia-e-a-aba-relacionamento/like/,404,,08/11/13,Não encontrado
http://www.scup.com/pt/blog/quais-as-vantagens-de-fazer-uma-busca-autenticada-pelo-facebook-o-scup-responde/sem-titulo-1,404,,06/02/14,Não encontrado
http://www.scup.com/pt/blog/minhas-buscas-por-mural-do-facebook-nao-estao-coletando-itens-o-que-esta-acontecendo-o-scup-responde/graf2,404,,06/02/14,Não encontrado
http://www.scup.com/pt/blog/como-faco-para-criar-regras-por-texto-no-scup/regras,404,,06/02/14,Não encontrado
http://www.scup.com/pt/blog/como-faco-para-criar-regras-por-texto-no-scup/regras5,404,,06/02/14,Não encontrado
http://www.scup.com/pt/blog/como-faco-para-criar-regras-por-texto-no-scup/regras2,404,,06/02/14,Não encontrado
http://www.scup.com/pt/blog/como-contar-a-quantidade-de-likes-e-compartilhamentos-da-minha-fan-page-o-scup-responde/scupresponde01,404,,05/02/14,Não encontrado
http://www.scup.com/pt/blog/funcionalidades-agora-voce-pode-inserir-comentarios-nos-itens-coletados-pelo-scup,404,,05/02/14,Não encontrado
http://www.scup.com/pt/blog/batman-ressurge-nos-cinemas-%E2%80%93-e-no-monitoramento-do-scup/genero-2,404,,23/01/14,Não encontrado
http://www.scup.com/pt/blog/como-manter-a-seguranca-de-seu-monitoramento-de-midias-sociais/security-icon-big-2,404,,02/02/14,Não encontrado
http://www.scup.com/pt/blog/filtros-no-scup-economizando-seu-tempo/monitoramentos-scup_1263234222711-2,404,,04/02/14,Não encontrado
http://www.scup.com/pt/blog/voce-sabe-como-subir-um-video-no-youtube-pela-ferramenta-o-scup-responde/capturar3,404,,03/02/14,Não encontrado
http://www.scup.com/pt/blog/scup-tem-novo-tipo-de-busca-%E2%80%93-firehose-beta/firehose-scup,404,,03/02/14,Não encontrado
http://www.scup.com/pt/blog/atendimento-nas-midias-sociais-como-faco-para-interagir-com-um-cliente-pelo-scup/sem-titulo-11,404,,03/02/14,Não encontrado
http://www.scup.com/pt/blog/atendimento-nas-midias-sociais-como-faco-para-interagir-com-um-cliente-pelo-scup/com-foto,404,,03/02/14,Não encontrado
http://www.scup.com/pt/blog/o-scup-agora-tem-api/api_blog-2,404,,03/02/14,Não encontrado
http://www.scup.com/pt/blog/busca-de-tags-no-instagram-troca-de-mensagens-privadas-no-facebook-e-analise-de-sentimento-mista-conheca-as-novas-funcionalidades-do-scup/comment-page-1,404,,13/02/14,Não encontrado
http://www.scup.com/pt/blog/identificador-social-beta-integrando-informacoes-obtidas-nas-midias-sociais-com-bases-de-crm-tradicional/comment-page-1,404,,15/12/13,Não encontrado
http://www.scup.com/pt/tag/loses/,404,,25/01/14,Não encontrado
http://www.scup.com/pt/settings/accounts,404,,31/01/14,Não encontrado
http://www.scup.com/pt/2010/12/20/81-percent-of-generation-y-checks-facebook-every-day/,404,,30/01/14,Não encontrado
http://www.scup.com/pt/sobre-nos/trabalhe-conosco,404,,14/02/14,Não encontrado
http://www.scup.com/pt/blog/category/midias-sociais,404,,02/02/14,Não encontrado
http://www.scup.com/pt/2011/03/22/how-to-stay-safe-while-studying-abroad/,404,,25/01/14,Não encontrado
http://www.scup.com/pt/treinamentos-e-ajuda/treinamentos/features?language=en-us,404,,02/02/14,Não encontrado
http://www.scup.com/pt/2010/12/30/justin-timberlake-and-anne-hathaway-honored-by-harvard/feed/,404,,25/01/14,Não encontrado
http://www.scup.com/pt/blog/wp-conte,404,,28/01/14,Não encontrado
http://www.scup.com/pt/tag/emergency/,404,,25/01/14,Não encontrado
http://www.scup.com/pt/tag/held/feed/,404,,25/01/14,Não encontrado
http://www.scup.com/pt/blog/scup-e-a-ferramenta-mais-usada-por-quem-faz-monitoramento-de-midias-sociais-mostra-pesquisa/comment-page-1,404,,14/02/14,Não encontrado
http://www.scup.com/pt/2011/02/10/american-study-abroad-students-evacuated-from-egypt/,404,,25/01/14,Não encontrado
http://www.scup.com/pt/blog/wp-content,404,,27/01/14,Não encontrado
http://www.scup.com/pt/blog/novas-funcionalidades-no-scup/rt4-4,404,,31/01/14,Não encontrado
http://www.scup.com/pt/blog/dica-como-fazer-uma-nuvem-de-palavras/colunas,404,,02/02/14,Não encontrado
http://www.scup.com/pt/blog/logica-de-buscas-aprenda-a-cadastrar-buscas-no-twitter/5-2,404,,01/02/14,Não encontrado
http://www.scup.com/pt/blog/dica-como-fazer-uma-nuvem-de-palavras/comment-page-1,404,,12/02/14,Não encontrado
http://www.scup.com/pt/blog/melhores-praticas-tagueamento-e-polarizacao/imagem5,404,,01/02/14,Não encontrado
http://www.scup.com/pt/blog/como-classificar-automaticamente-as-minhas-postagens-no-facebook/capturar-7,404,,01/02/14,Não encontrado
http://www.scup.com/pt/blog/seja-bem-vindo-ao-novo-blog-do-scup-2/o-scup-responde_cortada,404,,10/02/14,Não encontrado
http://www.scup.com/pt/blog/wp-content/plugins/sexybookmarks/spritegen/media/js/,404,,10/02/14,Não encontrado
http://www.scup.com/pt/blog/mudancas-nas-buscas-do-facebook-linguas/post_fb,404,,10/02/14,Não encontrado
http://www.scup.com/pt/blog/novidades-no-scup-busca-no-linkedin-inclusao-de-e-mail-e-mais/print0000002,404,,31/01/14,Não encontrado
http://www.scup.com/pt/blog/novidades-no-scup-busca-no-linkedin-inclusao-de-e-mail-e-mais/email,404,,31/01/14,Não encontrado
http://www.scup.com/pt/blog/novas-funcionalidades-no-scup/rt2-2,404,,31/01/14,Não encontrado
http://www.scup.com/pt/blog/novas-funcionalidades-no-scup/rt1-2,404,,31/01/14,Não encontrado
http://www.scup.com/pt/women,404,,31/01/14,Não encontrado
http://www.scup.com/pt/blog/vem-ai-o-primeiro-happy-hour-do-scup/caneca-scup,404,,31/01/14,Não encontrado
http://www.scup.com/pt/blog/otimizacao-do-monitoramento-exclusao-por-palavra/imagem1-2,404,,28/01/14,Não encontrado
http://www.scup.com/pt/&,404,,11/02/14,Não encontrado
http://www.scup.com/pt/blog/iniciando-com-o-scup,404,,30/01/14,Não encontrado
http://www.scup.com/pt/blog/otimizacao-do-monitoramento-exclusao-por-palavra/imagem6-2,404,,28/01/14,Não encontrado
http://www.scup.com/pt/blog/filtro-novo-no-scup-amostragem/monitoramentos-scup_1272481254186,404,,16/12/13,Não encontrado
http://www.scup.com/pt/blog/filtro-novo-no-scup-amostragem/monitoramentos-scup_1272481275811,404,,16/12/13,Não encontrado
http://www.scup.com/pt/blog/otimizacao-do-monitoramento-exclusao-por-palavra/imagem4-2?utm_source=rss&utm_medium=rss&utm_campaign=imagem4-2,404,,02/02/14,Não encontrado
http://www.scup.com/pt/blog/minhas-buscas-por-mural-do-facebook-nao-estao-coletando-itens-o-que-esta-acontecendo-o-scup-responde/graf1-3,404,,28/01/14,Não encontrado
http://www.scup.com/pt/blog/nao-estou-conseguindo-responder-as-mensagens-privadas-do-facebook-o-que-pode-ser-o-scup-responde/scup2,404,,28/01/14,Não encontrado
http://www.scup.com/pt/blog/otimizacao-do-monitoramento-exclusao-por-palavra/imagem2-3,404,,28/01/14,Não encontrado
http://www.scup.com/pt/blog/otimizacao-do-monitoramento-exclusao-por-palavra/imagem3-2,404,,28/01/14,Não encontrado
http://www.scup.com/pt/blog/tudo-o-que-voce-precisa-saber-sobre-exportacao-no-scup/post-3,404,,28/01/14,Não encontrado
http://www.scup.com/pt/blog/o-que-e-a-abrangencia-do-scup-o-scup-responde/item,404,,28/01/14,Não encontrado
http://www.scup.com/pt/blog/acao-de-tags-no-social-media-day-sp-2011,404,,26/01/14,Não encontrado
http://www.scup.com/pt/blog/como-contar-a-quantidade-de-likes-e-compartilhamentos-da-minha-fan-page-o-scup-responde/duvida,404,,25/01/14,Não encontrado
http://www.scup.com/pt/blog/atualizacao-do-facebook/comentario_facebook,404,,28/01/14,Não encontrado
http://www.scup.com/pt/blog/no-capitulo-100-de-avenida-brasil-carminha-domina-conversas-nas-midias-sociais/avenida-brasil-3,404,,27/01/14,Não encontrado
http://www.scup.com/pt/blog/monitorando-comunidades-do-orkut-beta/via6-fontes-scup_1266517860361,404,,27/01/14,Não encontrado
http://www.scup.com/pt/blog/monitorando-comunidades-do-orkut-beta/orkut,404,,27/01/14,Não encontrado
http://www.scup.com/pt/blog/como-faco-para-criar-regras-por-abrangencia-no-meu-monitoramento/cinco?utm_source=rss&utm_medium=rss&utm_campaign=cinco,404,,10/02/14,Não encontrado
http://www.scup.com/pt/2011/02/27/lee-iacocca%E2%80%99s-education-background/,404,,25/01/14,Não encontrado
http://www.scup.com/pt/2010/11/09/neuroscience-degree-helps-mayim-bialik%E2%80%99s-acting-career/,404,,25/01/14,Não encontrado
http://www.scup.com/pt/cat/funcionalidades/page/8/,404,,17/11/13,Não encontrado
http://www.scup.com/pt/treinamentos-e-ajuda/?__hstc=79505611.6d4fddfc72c8bf97db0af9526018458f.1389312000027.1389312000028.1389312000029.1&__hssc=79505611.1.1389312000030&__hsfp=1950245361,404,,08/02/14,Não encontrado
http://www.scup.com/pt/blog/atendimento-nas-midias-sociais-como-faco-para-interagir-com-um-cliente-pelo-scup/com-twitter,404,,25/01/14,Não encontrado
http://www.scup.com/pt/2011/02/19/sammi-sweetheart%E2%80%99s-education-background/,404,,25/01/14,Não encontrado
http://www.scup.com/pt/blog/como-contar-a-quantidade-de-likes-e-compartilhamentos-da-minha-fan-page-o-scup-responde/scupresponde04,404,,25/01/14,Não encontrado
http://www.scup.com/pt/blog/como-contar-a-quantidade-de-likes-e-compartilhamentos-da-minha-fan-page-o-scup-responde/scupresponde06-2,404,,25/01/14,Não encontrado
http://www.scup.com/pt/2010/11/15/teacher-creativity-and-teacher-professional-competency/,404,,25/01/14,Não encontrado
http://www.scup.com/pt/blog/por-que-a-quantidade-de-retweets-mostrada-pelo-twitter-e-diferente-da-mostrada-pelo-scup/0001-2,404,,25/01/14,Não encontrado
http://www.scup.com/pt/blog/por-que-a-quantidade-de-retweets-mostrada-pelo-twitter-e-diferente-da-mostrada-pelo-scup/0002-3,404,,25/01/14,Não encontrado
http://www.scup.com/pt/blog/por-que-a-quantidade-de-retweets-mostrada-pelo-twitter-e-diferente-da-mostrada-pelo-scup/0003-3,404,,25/01/14,Não encontrado
http://www.scup.com/pt/blog/entenda-a-logica-de-busca-nas-principais-midias-sociais/imagem-capa,404,,24/01/14,Não encontrado
http://www.scup.com/pt/blog/melhores-praticas-tagueamento-e-polarizacao/imagem7-2,404,,24/01/14,Não encontrado
http://www.scup.com/pt/blog/category/especiais,404,,23/01/14,Não encontrado
http://www.scup.com/pt/blog/author/renato_shira/feed,404,,02/02/14,Não encontrado
http://www.scup.com/pt/blog/es/itens-estranhos-nas-buscas-do-twitter,404,,02/02/14,Não encontrado
http://www.scup.com/pt/tag/guru/feed/,404,,04/02/14,Não encontrado
http://www.scup.com/pt/paginas-azuis/vila-digital-solucoes-de-internet-ltda/anibal.oliveira@viladigital.com.br,404,,05/12/13,Não encontrado
http://www.scup.com/pt/blog/melhores-praticas-tagueamento-e-polarizacao/imagem3,404,,23/01/14,Não encontrado
http://www.scup.com/pt/blog/batman-ressurge-nos-cinemas-%E2%80%93-e-no-monitoramento-do-scup/busca-5,404,,23/01/14,Não encontrado
http://www.scup.com/pt/tag/degrees/feed/,404,,03/02/14,Não encontrado
http://www.scup.com/pt/tag/trayless/feed/,404,,03/02/14,Não encontrado
http://www.scup.com/pt/tag/travel/feed/,404,,03/02/14,Não encontrado
http://www.scup.com/pt/tag/oscar/feed/,404,,03/02/14,Não encontrado
http://www.scup.com/pt/2010/11/29/where-to-get-the-most-money-for-your-used-textbooks/feed/,404,,03/02/14,Não encontrado
http://www.scup.com/pt/dicas-sobre-abrangencia-e-a-aba-relacionamento/relacionamento-2/,404,,22/11/13,Não encontrado
http://www.scup.com/pt/blog/quais-sao-as-midias-sociais-que-o-scup-monitora-o-que-e-coletado-de-cada-midia-o-scup-responde/foursquare-2,404,,22/01/14,Não encontrado
http://www.scup.com/pt/blog/quais-sao-as-midias-sociais-que-o-scup-monitora-o-que-e-coletado-de-cada-midia-o-scup-responde/buscas-2,404,,22/01/14,Não encontrado
http://www.scup.com/pt/blog/addon-abrangencia-levando-seu-monitoramento-a-um-novo-nivel/scup-relacionamento-scup_1270060673630/trackback,404,,02/02/14,Não encontrado
http://www.scup.com/pt/blog/novidades-comparativo-de-monitoramentos-conversacao-no-twitter-e-busca-no-foursquare/funcionalidades,404,,02/02/14,Não encontrado
http://www.scup.com/pt/blog/nao-estou-conseguindo-responder-as-mensagens-privadas-do-facebook-o-que-pode-ser-o-scup-responde/scup1,404,,21/01/14,Não encontrado
http://www.scup.com/pt/treinamentos-e-ajuda/?__hstc=79505611.6d4fddfc72c8bf97db0af9526018458f.1389312000024.1389312000025.1389312000026.1&__hssc=79505611.1.1389312000027&__hsfp=1950245361,404,,08/02/14,Não encontrado
http://www.scup.com/pt/blog/os-horarios-nobres-do-twitter-no-brasil-2%C2%AA-edicaoPortuguese%3E,404,,30/01/14,Não encontrado
http://www.scup.com/pt/novas-funcionalidades-do-scup-abril-de-2013/consumo/,404,,17/11/13,Não encontrado
http://www.scup.com/pt/novas-funcionalidades-do-scup-marco2013/0001graphics/,404,,12/11/13,Não encontrado
http://www.scup.com/pt/blog/scup-inicia-nucleo-de-pesquisa-em-midias-sociais/smc_logo_cmyk-3?utm_source=rss&utm_medium=rss&utm_campaign=smc_logo_cmyk-3,404,,02/02/14,Não encontrado
http://www.scup.com/pt/blog/como-faco-para-criar-regras-por-abrangencia-no-meu-monitoramento/rabrang?utm_source=rss&utm_medium=rss&utm_campaign=rabrang,404,,02/02/14,Não encontrado
http://www.scup.com/pt/blog/wp-cont,404,,28/01/14,Não encontrado
http://www.scup.com/pt/turbine-sua-presenca-no-facebook-com-o-scup/foguete-fb-2/,404,,20/11/13,Não encontrado
http://www.scup.com/pt/identificador-social-beta-integrando-informacoes-obtidas-nas-midias-sociais-com-bases-de-crm-tradicional,404,,28/01/14,Não encontrado
http://www.scup.com/pt/turbine-sua-presenca-no-google-com-o-scup/foguete-g-7/,404,,13/11/13,Não encontrado
http://www.scup.com/pt/2010/11/22/the-magic-of-harry-potter-and-the-dealthy-hallows/,404,,25/01/14,Não encontrado
http://www.scup.com/pt/2011/02/14/,404,,25/01/14,Não encontrado
http://www.scup.com/pt/2011/04/01/pta-mother-arrested-for-embezzling-money-from-brooklyn-school/,404,,25/01/14,Não encontrado
http://www.scup.com/pt/category/education/feed/,404,,25/01/14,Não encontrado
http://www.scup.com/pt/2011/02/04/8-super-bowl-facts-to-make-you-look-like-a-football-guru/feed/,404,,25/01/14,Não encontrado
http://www.scup.com/pt/2010/12/22/wells-fargo-forgives-student-debt-in-death/feed/,404,,25/01/14,Não encontrado
http://www.scup.com/pt/2010/12/15/have-a-guilt-free-hanukkah-with-online-classes/,404,,25/01/14,Não encontrado
http://www.scup.com/pt/2011/03/25/eduinreview%E2%80%99s-guide-to-perfect-wedding-etiquette/,404,,25/01/14,Não encontrado
http://www.scup.com/pt/tag/competency/,404,,25/01/14,Não encontrado
http://www.scup.com/pt/2011/03/18/,404,,25/01/14,Não encontrado
http://www.scup.com/pt/tag/shutdown/,404,,25/01/14,Não encontrado
http://www.scup.com/pt/novas-funcionalidades-do-scup-abril-de-2013/orquideas-relacionamento-scup/,404,,19/11/13,Não encontrado
http://www.scup.com/pt/tag/turn/feed/,404,,25/01/14,Não encontrado
http://www.scup.com/pt/turbine-sua-presenca-no-google-com-o-scup/foguete-g-8/,404,,19/11/13,Não encontrado
http://www.scup.com/pt/turbine-sua-presenca-no-google-com-o-scup/foguete-g-4/,404,,17/11/13,Não encontrado
http://www.scup.com/pt/blog/450/page/36/,404,,12/10/13,Não encontrado
http://www.scup.com/pt/blog/minhas-buscas-por-mural-do-facebook-nao-estao-coletando-itens-o-que-esta-acontecendo-o-scup-responde/graf,404,,15/02/14,Não encontrado
http://www.scup.com/pt/horarios-de-atendimento-do-scup-durante-o-carnaval/carnaval/,404,,15/02/14,Não encontrado
http://www.scup.com/pt/entenda-os-diferenciais-do-cadastramento-de-buscas-no-scup/comment-page-1/,404,,15/02/14,Não encontrado
http://www.scup.com/pt/entenda-a-logica-de-buscas-do-tumblr/operadores-tumblr/,404,,15/02/14,Não encontrado
http://www.scup.com/pt/eficiencia-em-redes-sociais-case-riot/img_6549-3/,404,,15/02/14,Não encontrado
http://www.scup.com/pt/dica-como-fazer-uma-nuvem-de-palavras/comment-page-1/,404,,15/02/14,Não encontrado
http://www.scup.com/pt/como-monitorar-os-trending-topics-do-twitter-pelo-scup/busca2/,404,,15/02/14,Não encontrado
http://www.scup.com/pt/como-melhorar-a-seguranca-e-a-gestao-das-informacoes-no-scup/login-captcha/,404,,14/02/14,Não encontrado
http://www.scup.com/pt/cat/mercado/,404,,15/02/14,Não encontrado
http://www.scup.com/pt/cat/geral/page/7/,404,,15/02/14,Não encontrado
http://www.scup.com/pt/cat/geral/page/10/,404,,15/02/14,Não encontrado
http://www.scup.com/pt/cat/estudos/,404,,15/02/14,Não encontrado
http://www.scup.com/pt/case-netshoes-monitoramento-de-redes-sociais/1280px-logo_netshoes/,404,,15/02/14,Não encontrado
http://www.scup.com/pt/blog/um-novo-desafio-scup-esta-no-ar-mas-o-que-e-mesmo-essa-brincadeira/comment-page-1,404,,15/02/14,Não encontrado
http://www.scup.com/pt/blog/twitter.com/diegomont,404,,15/02/14,Não encontrado
http://www.scup.com/pt/funcionalidades/graficos-expressivos/features-reports-graphs-imgpor/,404,,15/02/14,Não encontrado
http://www.scup.com/pt/blog/tudo-o-que-voce-precisa-saber-sobre-exportacao-no-scup/comment-page-1,404,,15/02/14,Não encontrado
http://www.scup.com/pt/tag/avancado/,404,,15/02/14,Não encontrado
http://www.scup.com/pt/livro/comment-page-1/,404,,15/02/14,Não encontrado
http://www.scup.com/pt/novas-funcionalidades-do-scup-junho/print-novo-2/,404,,15/02/14,Não encontrado
http://www.scup.com/pt/blog/o-que-e-o-klout-por-que-este-indice-aparece-apenas-em-alguns-itens-do-meu-monitoramento-o-scup-responde/attachment/0003?utm_source=rss&utm_medium=rss&utm_campaign=0003,404,,15/02/14,Não encontrado
http://www.scup.com/pt/novidade-no-scup-maior-eficiencia-nas-buscas-de-facebook/comment-page-1/,404,,15/02/14,Não encontrado
http://www.scup.com/pt/novo-scup-seu-trabalho-com-redes-sociais-nunca-mais-sera-o-mesmo/3-4/,404,,15/02/14,Não encontrado
http://www.scup.com/pt/novo-scup-seu-trabalho-com-redes-sociais-nunca-mais-sera-o-mesmo/print-help/,404,,15/02/14,Não encontrado
http://www.scup.com/pt/novos-niveis-de-acesso-aos-usuarios-de-monitoramentos-no-scup/comment-page-1/,404,,15/02/14,Não encontrado
http://www.scup.com/pt/o-que-e-o-klout-por-que-este-indice-aparece-apenas-em-alguns-itens-do-meu-monitoramento-o-scup-responde/attachment/0001/,404,,15/02/14,Não encontrado
http://www.scup.com/pt/os-horarios-nobres-do-twitter-no-brasil-2%C2%AA-edicao/,404,,15/02/14,Não encontrado
http://www.scup.com/pt/eventos/sac-16-outubro/,404,,15/02/14,Não encontrado
http://www.scup.com/pt/scup-monitora-as-estreias-de-bbb-13-e-o-canto-da-sereia-como-analisar-a-audiencia-de-um-programa-de-tv-no-twitter/comment-page-1/,404,,15/02/14,Não encontrado
http://www.scup.com/pt/scup-no-conarec-2013/livro-scup_como-fazer-monitoramento-e-sac-2-0-nas-midias-sociais/,404,,15/02/14,Não encontrado
http://www.scup.com/pt/blog/estudo-do-dia-dos-namorados,404,,15/02/14,Não encontrado
http://www.scup.com/pt/blog/estudo-a-morte-de-steve-jobs-no-twitter/comment-page-1,404,,15/02/14,Não encontrado
http://www.scup.com/pt/wp-login.php?redirect_to=http%3A%2F%2Fwww.scup.com%2Fpt%2Fevents%2Fmy-bookings%2F,401,,25/11/13,Acesso negado
http://www.scup.com/pt/treinamentos-e-ajuda/suporte/,404,,21/10/13,Não encontrado
http://www.scup.com/pt/cat/geral/,404,,11/02/14,Não encontrado
http://www.scup.com/pt/turbine-sua-presenca-no-facebook-com-o-scup/,404,,06/02/14,Não encontrado
http://www.scup.com/pt/blog/page/38/,404,,13/02/14,Não encontrado
http://www.scup.com/pt/treinamentos-e-ajuda/artigos-e-guias/,404,,25/11/13,Não encontrado
http://www.scup.com/pt/treinamentos-e-ajuda/videos/,404,,28/11/13,Não encontrado
http://www.scup.com/pt/api/,404,,25/11/13,Não encontrado
http://www.scup.com/pt/eventos/treinamento-online-completo-2013-07-02/,404,,03/01/14,Não encontrado
http://www.scup.com/pt/novas-funcionalidades-do-scup-marco2013/0001graphics/,404,,15/12/13,Não encontrado
http://www.scup.com/pt/blog/como-classificar-automaticamente-as-minhas-postagens-no-facebook/5dicas-2,404,,21/01/14,Não encontrado
http://www.scup.com/pt/blog/por-que-a-quantidade-de-retweets-mostrada-pelo-twitter-e-diferente-da-mostrada-pelo-scup/0005-2,404,,04/02/14,Não encontrado
http://www.scup.com/pt/identificador-social-beta-integrando-informacoes-obtidas-nas-midias-sociais-com-bases-de-crm-tradicional/,404,,01/12/13,Não encontrado
http://www.scup.com/pt/dicas-sobre-abrangencia-e-a-aba-relacionamento/,404,,22/11/13,Não encontrado
http://www.scup.com/pt/blog/quais-as-vantagens-de-fazer-uma-busca-autenticada-pelo-facebook-o-scup-responde/sem-titulo-1,404,,21/01/14,Não encontrado
http://www.scup.com/pt/treinamentos-e-ajuda/suporte/,404,,31/12/13,
http://www.scup.com/pt/cat/case/,404,,14/02/14,
http://www.scup.com/pt/cat/geral/,404,,11/02/14,
http://www.scup.com/pt/cat/funcionalidades/,404,,14/02/14,
http://www.scup.com/pt/cat/especiais/,404,,13/02/14,
http://www.scup.com/pt/blog/page/2/,404,,12/02/14,
http://www.scup.com/pt/o-que-ha-de-novo-no-scup-veja-as-novidades-do-mes-de-setembro/rc-regra/,404,,11/02/14,
http://www.scup.com/pt/scup-no-conarec-2013/livro-scup_como-fazer-monitoramento-e-sac-2-0-nas-midias-sociais/,404,,14/02/14,
http://www.scup.com/pt/tag/avancado/,404,,14/02/14,
http://www.scup.com/pt/eventos/treinamento-online-completo-2013-11-19/,404,,04/01/14,
http://www.scup.com/pt/eventos/treinamento-online-completo-2013-10-29/,404,,27/12/13,
http://www.scup.com/pt/eventos/treinamento-online-completo-2013-11-26/,404,,30/12/13,
http://www.scup.com/pt/o-que-e-o-klout-por-que-este-indice-aparece-apenas-em-alguns-itens-do-meu-monitoramento-o-scup-responde/attachment/0001/,404,,14/02/14,
http://www.scup.com/pt/os-horarios-nobres-do-facebook/comment-page-2/,404,,13/02/14,
http://www.scup.com/pt/cat/geral/page/7/,404,,14/02/14,
http://www.scup.com/pt/eventos/treinamento-online-completo-2013-07-23/,404,,25/12/13,
http://www.scup.com/pt/eventos/treinamento-online-completo-2013-09-17/,404,,24/12/13,
http://www.scup.com/pt/cat/geral/page/10/,404,,13/02/14,
http://www.scup.com/pt/cat/geral/page/5/,404,,14/02/14,
http://www.scup.com/pt/cat/geral/page/4/,404,,13/02/14,
http://www.scup.com/pt/eventos/treinamento-online-completo-2013-09-03/,404,,06/02/14,
http://www.scup.com/pt/taguear-eou-classificar-todos-os-comentarios-de-um-post-ao-mesmo-tempo-agora-da/teste1-2/,404,,13/02/14,
http://www.scup.com/pt/cat/funcionalidades/page/6/,404,,12/02/14,
http://www.scup.com/pt/cat/o-scup-responde/page/7/,404,,14/02/14,
http://www.scup.com/pt/novas-funcionalidades-do-scup-marco2013/,404,,29/01/14,
http://www.scup.com/pt/cat/o-scup-responde/page/4/,404,,12/02/14,
http://www.scup.com/pt/funcionalidades,404,,11/02/14,
http://www.scup.com/pt/case-netshoes-monitoramento-de-redes-sociais/1280px-logo_netshoes/,404,,14/02/14,
http://www.scup.com/pt/eventos/treinamento-online-completo-2013-07-16/,404,,13/02/14,
http://www.scup.com/pt/cat/geral/page/2/,404,,14/02/14,
http://www.scup.com/pt/cat/funcionalidades/page/4/,404,,14/02/14,
http://www.scup.com/pt/novo-scup-seu-trabalho-com-redes-sociais-nunca-mais-sera-o-mesmo/3-4/,404,,14/02/14,
http://www.scup.com/pt/cat/o-scup-responde/page/2/,404,,14/02/14,
http://www.scup.com/pt/busca-por-atualizacoes-publicas-do-facebook-nao-retorna-resultados-ha-13-horas/atpubli/,404,,13/02/14,
http://www.scup.com/pt/cat/melhores-praticas/page/4/,404,,12/02/14,
http://www.scup.com/pt/cat/mercado/page/2/,404,,12/02/14,
http://www.scup.com/pt/eventos/treinamento-online-completo-2013-09-10/,404,,12/02/14,
http://www.scup.com/pt/addon-abrangencia-levando-seu-monitoramento-a-um-novo-nivel/,404,,13/12/13,
http://www.scup.com/pt/nova-funcionalidade-responda-a-comentarios-no-facebook-pelo-scup/comment-page-1/,404,,13/02/14,
http://www.scup.com/pt/funcionalidades/features-introduction-people/,404,,11/02/14,
http://www.scup.com/pt/scup-e-a-ferramenta-mais-usada-por-quem-faz-monitoramento-de-midias-sociais-mostra-pesquisa/comment-page-1/,404,,14/02/14,
http://www.scup.com/pt/eventos/treinamento-online-completo-2013-12-03/,404,,21/01/14,
http://www.scup.com/pt/funcionalidades/monitore-e-classifique/features-monitor-tags-imgpor/,404,,14/02/14,
http://www.scup.com/pt/senha-conta-facebook/comment-page-1/,404,,13/02/14,
http://www.scup.com/pt/turbine-sua-presenca-no-google-com-o-scup/,404,,11/01/14,
http://www.scup.com/pt/turbine-sua-presenca-no-google-com-o-scup/foguete-g-5/,404,,17/11/13,
http://www.scup.com/pt/turbine-sua-presenca-no-twitter-com-o-scup/,404,,08/01/14,
http://www.scup.com/pt/eventos/treinamento-online-completo-2013-10-22/,404,,18/01/14,
http://www.scup.com/pt/turbine-sua-presenca-no-facebook-com-o-scup/,404,,08/01/14,
http://www.scup.com/pt/eventos/treinamento-online-completo-2013-10-15/,404,,18/01/14,
http://www.scup.com/pt/eventos/treinamento-online-completo-2013-12-10/,404,,13/01/14,
http://www.scup.com/pt/eventos/treinamento-presencial-%E2%80%A2-completo-2013-07-11/,404,,26/01/14,
http://www.scup.com/pt/eventos/treinamento-online-completo-2013-12-17/,404,,11/01/14,
http://www.scup.com/pt/funcionalidades/identificador-social/,404,,14/12/13,
http://www.scup.com/pt/eventos/treinamento-online-completo-2013-10-01/,404,,19/01/14,
http://www.scup.com/pt/dicas-sobre-abrangencia-e-a-aba-relacionamento/,404,,09/01/14,
http://www.scup.com/pt/novas-funcionalidades-do-scup-abril-de-2013/regras-6/,404,,25/11/13,
http://www.scup.com/pt/eventos/treinamento-online-completo-2013-10-08/,404,,14/01/14,
http://www.scup.com/pt/eventos/treinamento-online-completo-2013-11-12/,404,,27/12/13,
http://www.scup.com/pt/eventos/treinamento-online-completo-2013-08-13/,404,,06/01/14,
http://www.scup.com/pt/eventos/treinamento-online-completo-2013-07-30/,404,,02/01/14,
http://www.scup.com/pt/novas-funcionalidades-do-scup-marco2013/001lista1/,404,,11/11/13,
http://www.scup.com/pt/turbine-sua-presenca-no-google-com-o-scup/foguete-g-6/,404,,19/11/13,
http://www.scup.com/pt/turbine-sua-presenca-no-facebook-com-o-scup/foguete-fb-3/,404,,17/11/13,
http://www.scup.com/pt/identificador-social-beta-integrando-informacoes-obtidas-nas-midias-sociais-com-bases-de-crm-tradicional/,404,,09/11/13,
http://www.scup.com/pt/blog/filme-%E2%80%9Cna-estrada%E2%80%9D-agrada-mas-publico-nas-midias-sociais-prefere-livro/na-estrada,404,,11/01/14,
http://www.scup.com/pt/blog/category/colaboracao,404,,11/01/14,
http://www.scup.com/pt/blog/como-faco-para-criar-regras-por-texto-no-scup/regras1,404,,25/01/14,
http://www.scup.com/pt/novas-funcionalidades-do-scup-abril-de-2013/,404,,20/11/13,
http://www.scup.com/pt/blog/como-faco-para-criar-regras-por-texto-no-scup/regras8,404,,25/01/14,
http://www.scup.com/pt/blog/melhores-praticas-tagueamento-e-polarizacao/imagem9,404,,15/01/14,
http://www.scup.com/pt/blog/como-manter-a-seguranca-de-seu-monitoramento-de-midias-sociais/colaboradores,404,,05/02/14,
http://www.scup.com/pt/dicas-sobre-abrangencia-e-a-aba-relacionamento/like/,404,,07/11/13,
http://www.scup.com/pt/blog/atendimento-nas-midias-sociais-como-faco-para-interagir-com-um-cliente-pelo-scup/com-link,404,,15/01/14,
http://www.scup.com/pt/blog/batman-ressurge-nos-cinemas-%E2%80%93-e-no-monitoramento-do-scup/genero-2,404,,25/01/14,
http://www.scup.com/pt/blog/otimizacao-do-monitoramento-exclusao-por-palavra/imagem2-3,404,,02/02/14,
http://www.scup.com/pt/turbine-sua-presenca-no-google-com-o-scup/feed/,404,,17/12/13,
http://www.scup.com/pt/dicas-sobre-abrangencia-e-a-aba-relacionamento/relacionamento-2/,404,,21/11/13,
http://www.scup.com/pt/blog/vem-ai-o-primeiro-happy-hour-do-scup/caneca-scup,404,,03/02/14,
http://www.scup.com/pt/blog/scup-tem-novo-tipo-de-busca-%E2%80%93-firehose-beta,404,,11/01/14,
http://www.scup.com/pt/turbine-sua-presenca-no-facebook-com-o-scup/foguete-fb-2/,404,,20/11/13,
http://www.scup.com/pt/cat/funcionalidades/page/8/,404,,16/11/13,
http://www.scup.com/pt/blog/como-classificar-automaticamente-as-minhas-postagens-no-facebook/5dicas-2,404,,11/01/14,
http://www.scup.com/pt/turbine-sua-presenca-no-twitter-com-o-scup/foguete-tt/,404,,08/12/13,
http://www.scup.com/pt/blog/por-que-a-quantidade-de-retweets-mostrada-pelo-twitter-e-diferente-da-mostrada-pelo-scup/0005-2,404,,24/01/14,
http://www.scup.com/pt/blog/category/geral,404,,11/01/14,
http://www.scup.com/pt/blog/conheca-todos-os-usos-do-%E2%80%9Ctodo-poderoso-tracinho%E2%80%9D-antes-de-criar-seu-monitoramento,404,,25/01/14,
http://www.scup.com/pt/blog/por-que-a-quantidade-de-retweets-mostrada-pelo-twitter-e-diferente-da-mostrada-pelo-scup/0002-3,404,,21/01/14,
http://www.scup.com/pt/blog/como-faco-para-criar-regras-por-texto-no-scup/regras6,404,,25/01/14,
http://www.scup.com/pt/blog/como-faco-para-criar-regras-por-texto-no-scup/regras3,404,,25/01/14,
http://www.scup.com/pt/blog/como-faco-para-criar-regras-por-texto-no-scup/regras4,404,,25/01/14,
http://www.scup.com/pt/blog/batman-ressurge-nos-cinemas-%E2%80%93-e-no-monitoramento-do-scup/busca-5,404,,25/01/14,
http://www.scup.com/pt/blog/quais-as-vantagens-de-fazer-uma-busca-autenticada-pelo-facebook-o-scup-responde/sem-titulo-1,404,,22/01/14,
http://www.scup.com/pt/blog/por-que-a-quantidade-de-retweets-mostrada-pelo-twitter-e-diferente-da-mostrada-pelo-scup/0003-3,404,,23/01/14,
http://www.scup.com/pt/blog/por-que-a-quantidade-de-retweets-mostrada-pelo-twitter-e-diferente-da-mostrada-pelo-scup/0001-2,404,,23/01/14,
http://www.scup.com/pt/blog/voce-sabe-como-subir-um-video-no-youtube-pela-ferramenta-o-scup-responde/regras-5,404,,11/01/14,
http://www.scup.com/pt/blog/scup-promove-workshop-sobre-monitoramento-politico,404,,11/01/14,
http://www.scup.com/pt/blog/category/o-scup-responde,404,,11/01/14,
http://www.scup.com/pt/blog/voce-sabe-como-subir-um-video-no-youtube-pela-ferramenta-o-scup-responde/capturar4,404,,11/01/14,
http://www.scup.com/pt/blog/scup-na-terra-do-tio-sam/chris-marchak-no-stand-do-scup-no-techcrunch-disrupt,404,,11/01/14,
http://www.scup.com/pt/blog/no-capitulo-100-de-avenida-brasil-carminha-domina-conversas-nas-midias-sociais/avenida-brasil-2,404,,11/01/14,
http://www.scup.com/pt/novas-funcionalidades-do-scup-marco2013/001notificacao1/,404,,01/12/13,
http://www.scup.com/pt/blog/filme-%E2%80%9Cna-estrada%E2%80%9D-agrada-mas-publico-nas-midias-sociais-prefere-livro/busca-3,404,,11/01/14,
http://www.scup.com/pt/blog/atendimento-nas-midias-sociais-como-faco-para-interagir-com-um-cliente-pelo-scup/com-video,404,,20/01/14,
http://www.scup.com/pt/blog/como-faco-para-criar-regras-por-texto-no-scup/regras7,404,,11/01/14,
http://www.scup.com/pt/novas-funcionalidades-do-scup-marco2013/0001graphics/,404,,11/11/13,
http://www.scup.com/pt/novas-funcionalidades-do-scup-abril-de-2013/consumo/,404,,16/11/13,
http://www.scup.com/pt/blog/category/melhores-praticas,404,,11/01/14,
http://www.scup.com/pt/novas-funcionalidades-do-scup-abril-de-2013/orquideas-configuracoes-monitoramento-scup/,404,,28/11/13,
http://www.scup.com/pt/turbine-sua-presenca-no-google-com-o-scup/vai-foguetinho/,404,,19/11/13,
http://www.scup.com/pt/blog/atendimento-nas-midias-sociais-como-faco-para-interagir-com-um-cliente-pelo-scup/com-twitter,404,,17/01/14,
http://www.scup.com/pt/novas-funcionalidades-do-scup-marco2013/001notificacao1-2/,404,,21/11/13,
http://www.scup.com/pt/blog/melhores-praticas-tagueamento-e-polarizacao/imagem7-2,404,,16/01/14,
http://www.scup.com/pt/novas-funcionalidades-do-scup-marco2013/001notificacao2/,404,,08/11/13,
http://www.scup.com/pt/novas-funcionalidades-do-scup-marco2013/001is/,404,,15/11/13,
http://www.scup.com/pt/turbine-sua-presenca-no-facebook-com-o-scup/foguete-fb/,404,,13/11/13,
http://www.scup.com/pt/blog/atendimento-nas-midias-sociais-como-faco-para-interagir-com-um-cliente-pelo-scup/com-foto,404,,15/01/14,
http://www.scup.com/pt/novas-funcionalidades-do-scup-abril-de-2013/orquideas-relacionamento-scup/,404,,24/11/13,
http://www.scup.com/pt/novas-funcionalidades-do-scup-marco2013/001perfil/,404,,21/11/13,
http://www.scup.com/pt/blog/category/funcionalidades,404,,11/01/14,
http://www.scup.com/pt/blog/entenda-a-logica-de-busca-nas-principais-midias-sociais/imagem-capa,404,,13/01/14,
http://www.scup.com/pt/blog/como-faco-para-criar-regras-por-texto-no-scup/regras9,404,,11/01/14,
http://www.scup.com/pt/novas-funcionalidades-do-scup-marco2013/relatorios/,404,,19/11/13,
http://www.scup.com/pt/turbine-sua-presenca-no-google-com-o-scup/foguete-g-8/,404,,18/11/13,
http://www.scup.com/pt/blog/voce-sabe-como-subir-um-video-no-youtube-pela-ferramenta-o-scup-responde/capturar-6,404,,11/01/14,
http://www.scup.com/pt/blog/atualizacao-do-facebook/comentario_facebook,404,,11/01/14,
http://www.scup.com/pt/blog/scup-tem-novo-tipo-de-busca-%E2%80%93-firehose-beta/firehose-scup,404,,11/01/14,
http://www.scup.com/pt/blog/atendimento-nas-midias-sociais-como-faco-para-interagir-com-um-cliente-pelo-scup/com-comentario,404,,11/01/14,
http://www.scup.com/pt/blog/tudo-o-que-voce-precisa-saber-sobre-exportacao-no-scup/post-3,404,,11/01/14,
http://www.scup.com/pt/blog/serie-erros-mais-comuns-em-monitoramento-1-inconsistencias-na-busca-do-twitter/addbusca,404,,11/01/14,
http://www.scup.com/pt/blog/scup-na-terra-do-tio-sam/novo-escritorio-internacional-do-scup-2,404,,11/01/14,
http://www.scup.com/pt/blog/tudo-o-que-voce-precisa-saber-sobre-exportacao-no-scup/exportacao_visualizacao-2,404,,11/01/14,
http://www.scup.com/pt/blog/quais-sao-as-midias-sociais-que-o-scup-monitora-o-que-e-coletado-de-cada-midia-o-scup-responde/foursquare-2,404,,11/01/14,
http://www.scup.com/pt/blog/otimizacao-do-monitoramento-exclusao-por-palavra/imagem3-2,404,,11/01/14,
http://www.scup.com/pt/blog/no-capitulo-100-de-avenida-brasil-carminha-domina-conversas-nas-midias-sociais/avenida-brasil-3,404,,11/01/14,
http://www.scup.com/pt/blog/na-semana-em-que-comecam-as-olimpiadas-de-londres-qual-esporte-esteve-mais-presente-nas-mensagens-dos-usuarios-do-twitter/regra-volei-2,404,,11/01/14,
http://www.scup.com/pt/blog/melhores-praticas-tagueamento-e-polarizacao/imagem3,404,,11/01/14,
http://www.scup.com/pt/blog/monitorando-comunidades-do-orkut-beta/orkut,404,,11/01/14,
http://www.scup.com/pt/blog/minhas-buscas-por-mural-do-facebook-nao-estao-coletando-itens-o-que-esta-acontecendo-o-scup-responde/graf,404,,11/01/14,
http://www.scup.com/pt/blog/filtro-novo-no-scup-amostragem/monitoramentos-scup_1272481254186,404,,11/01/14,
http://www.scup.com/pt/blog/como-faco-para-criar-regras-por-texto-no-scup/regras,404,,11/01/14,
http://www.scup.com/pt/blog/filme-%E2%80%9Cna-estrada%E2%80%9D-agrada-mas-publico-nas-midias-sociais-prefere-livro/construtor-3,404,,11/01/14,
http://www.scup.com/pt/blog/como-faco-para-criar-regras-por-texto-no-scup/regras5,404,,11/01/14,
http://www.scup.com/pt/blog/como-faco-para-criar-regras-por-texto-no-scup/regras2,404,,11/01/14,
http://www.scup.com/pt/blog/category/mercado,404,,11/01/14,
http://www.scup.com/pt/blog/category/estudos,404,,11/01/14,
http://www.scup.com/pt/blog/category/especiais,404,,11/01/14,
http://www.scup.com/pt/blog/category/case,404,,11/01/14,
http://www.scup.com/pt/blog/batman-ressurge-nos-cinemas-%E2%80%93-e-no-monitoramento-do-scup/filtro-4,404,,11/01/14,
http://www.scup.com/pt/blog/atendimento-nas-midias-sociais-como-faco-para-interagir-com-um-cliente-pelo-scup/sem-titulo-11,404,,11/01/14,
http://www.scup.com/pt/turbine-sua-presenca-no-google-com-o-scup/foguete-g-7/,404,,13/11/13,
http://www.scup.com/pt/video-como-cadastrar-e-alterar-tags-no-scup/comment-page-1/,404,,15/02/14,
http://www.scup.com/pt/cat/o-scup-responde/,404,,15/02/14,
http://www.scup.com/pt/cat/estudos/page/2/,404,,15/02/14,
http://www.scup.com/pt/cat/funcionalidades/page/2/,404,,15/02/14,
http://www.scup.com/pt/cat/funcionalidades/page/3/,404,,15/02/14,
http://www.scup.com/pt/cat/funcionalidades/page/5/,404,,15/02/14,
http://www.scup.com/pt/cat/melhores-praticas/page/5/,404,,15/02/14,
http://www.scup.com/pt/eventos/treinamento-presencial-%E2%80%A2-completo-2013-09-19/,404,,15/02/14,
http://www.scup.com/pt/cat/o-scup-responde/page/3/,404,,15/02/14,
http://www.scup.com/pt/tag/iniciantes/,404,,15/02/14,
http://www.scup.com/pt/cat/o-scup-responde/page/5/,404,,15/02/14,
http://www.scup.com/pt/como-monitorar-os-trending-topics-do-twitter-pelo-scup/busca2/,404,,15/02/14,
http://www.scup.com/pt/eficiencia-em-redes-sociais-case-riot/img_6549-3/,404,,15/02/14,
http://www.scup.com/pt/eventos/treinamento-online-completo-2013-07-02/,404,,15/02/14,
http://www.scup.com/pt/qual-e-a-utilidade-da-busca-no-foursquare-para-o-meu-monitoramento/comment-page-1/,404,,15/02/14,
http://www.scup.com/pt/por-que-a-quantidade-de-retweets-mostrada-pelo-twitter-e-diferente-da-mostrada-pelo-scup/0002-3/feed/,404,,15/02/14,
http://www.scup.com/pt/cat/funcionalidades/,404,,14/02/14,Não encontrado
http://www.scup.com/pt/cat/especiais/,404,,13/02/14,Não encontrado
http://www.scup.com/pt/cat/geral/page/5/,404,,14/02/14,Não encontrado
http://www.scup.com/pt/cat/geral/page/4/,404,,13/02/14,Não encontrado
http://www.scup.com/pt/cat/funcionalidades/page/6/,404,,12/02/14,Não encontrado
http://www.scup.com/pt/cat/o-scup-responde/page/4/,404,,12/02/14,Não encontrado
http://www.scup.com/pt/cat/geral/page/2/,404,,14/02/14,Não encontrado
http://www.scup.com/pt/cat/o-scup-responde/page/2/,404,,14/02/14,Não encontrado
http://www.scup.com/pt/cat/melhores-praticas/page/4/,404,,12/02/14,Não encontrado
http://www.scup.com/pt/cat/mercado/page/2/,404,,12/02/14,Não encontrado
http://www.scup.com/pt/eventos/treinamento-online-completo-2013-10-22/,404,,18/01/14,Não encontrado
http://www.scup.com/pt/eventos/treinamento-online-completo-2013-10-15/,404,,18/01/14,Não encontrado
http://www.scup.com/pt/eventos/treinamento-presencial-%E2%80%A2-completo-2013-07-11/,404,,26/01/14,Não encontrado
http://www.scup.com/pt/eventos/treinamento-online-completo-2013-10-01/,404,,19/01/14,Não encontrado
http://www.scup.com/pt/eventos/treinamento-online-completo-2013-10-08/,404,,14/01/14,Não encontrado
http://www.scup.com/pt/blog/filme-%E2%80%9Cna-estrada%E2%80%9D-agrada-mas-publico-nas-midias-sociais-prefere-livro/na-estrada,404,,11/01/14,Não encontrado
http://www.scup.com/pt/blog/category/colaboracao,404,,11/01/14,Não encontrado
http://www.scup.com/pt/blog/como-faco-para-criar-regras-por-texto-no-scup/regras1,404,,25/01/14,Não encontrado
http://www.scup.com/pt/blog/como-faco-para-criar-regras-por-texto-no-scup/regras8,404,,25/01/14,Não encontrado
http://www.scup.com/pt/blog/como-manter-a-seguranca-de-seu-monitoramento-de-midias-sociais/colaboradores,404,,05/02/14,Não encontrado
http://www.scup.com/pt/blog/atendimento-nas-midias-sociais-como-faco-para-interagir-com-um-cliente-pelo-scup/com-link,404,,15/01/14,Não encontrado
http://www.scup.com/pt/blog/category/geral,404,,11/01/14,Não encontrado
http://www.scup.com/pt/blog/conheca-todos-os-usos-do-%E2%80%9Ctodo-poderoso-tracinho%E2%80%9D-antes-de-criar-seu-monitoramento,404,,25/01/14,Não encontrado
http://www.scup.com/pt/blog/como-faco-para-criar-regras-por-texto-no-scup/regras6,404,,25/01/14,Não encontrado
http://www.scup.com/pt/blog/como-faco-para-criar-regras-por-texto-no-scup/regras4,404,,25/01/14,Não encontrado
http://www.scup.com/pt/blog/como-faco-para-criar-regras-por-texto-no-scup/regras3,404,,25/01/14,Não encontrado
http://www.scup.com/pt/blog/category/o-scup-responde,404,,11/01/14,Não encontrado
http://www.scup.com/pt/blog/scup-na-terra-do-tio-sam/chris-marchak-no-stand-do-scup-no-techcrunch-disrupt,404,,11/01/14,Não encontrado
http://www.scup.com/pt/novas-funcionalidades-do-scup-abril-de-2013/orquideas-configuracoes-monitoramento-scup/,404,,28/11/13,Não encontrado
http://www.scup.com/pt/novas-funcionalidades-do-scup-marco2013/001notificacao2/,404,,08/11/13,Não encontrado
http://www.scup.com/pt/novas-funcionalidades-do-scup-marco2013/001is/,404,,15/11/13,Não encontrado
http://www.scup.com/pt/novas-funcionalidades-do-scup-marco2013/001perfil/,404,,21/11/13,Não encontrado
http://www.scup.com/pt/blog/category/funcionalidades,404,,11/01/14,Não encontrado
http://www.scup.com/pt/novas-funcionalidades-do-scup-marco2013/relatorios/,404,,19/11/13,Não encontrado
http://www.scup.com/pt/blog/scup-na-terra-do-tio-sam/novo-escritorio-internacional-do-scup-2,404,,11/01/14,Não encontrado
http://www.scup.com/pt/blog/na-semana-em-que-comecam-as-olimpiadas-de-londres-qual-esporte-esteve-mais-presente-nas-mensagens-dos-usuarios-do-twitter/regra-volei-2,404,,11/01/14,Não encontrado
http://www.scup.com/pt/blog/filme-%E2%80%9Cna-estrada%E2%80%9D-agrada-mas-publico-nas-midias-sociais-prefere-livro/construtor-3,404,,11/01/14,Não encontrado
http://www.scup.com/pt/blog/category/mercado,404,,11/01/14,Não encontrado
http://www.scup.com/pt/blog/category/estudos,404,,11/01/14,Não encontrado
http://www.scup.com/pt/blog/category/case,404,,11/01/14,Não encontrado
http://www.scup.com/pt/blog/batman-ressurge-nos-cinemas-%E2%80%93-e-no-monitoramento-do-scup/filtro-4,404,,11/01/14,Não encontrado
http://www.scup.com/pt/por-que-a-quantidade-de-retweets-mostrada-pelo-twitter-e-diferente-da-mostrada-pelo-scup/0002-3/feed/,404,,15/02/14,Não encontrado
http://www.scup.com/pt/tag/iniciantes/,404,,15/02/14,Não encontrado
http://www.scup.com/pt/cat/o-scup-responde/page/3/,404,,15/02/14,Não encontrado
http://www.scup.com/pt/cat/melhores-praticas/page/5/,404,,15/02/14,Não encontrado
http://www.scup.com/pt/cat/funcionalidades/page/5/,404,,15/02/14,Não encontrado
http://www.scup.com/pt/cat/funcionalidades/page/3/,404,,15/02/14,Não encontrado
http://www.scup.com/pt/cat/funcionalidades/page/2/,404,,15/02/14,Não encontrado
http://www.scup.com/pt/cat/estudos/page/2/,404,,15/02/14,Não encontrado
